{
    "control" : {
        "processing_unit" : "gpu",
        "std_evp_solver_type" : "lapack",
        "gen_evp_solver_type" : "lapack",
        "verbosity" : 0
    },

    "parameters" : {
        "electronic_structure_method" : "pseudopotential",
        "xc_functionals" : ["XC_GGA_X_PBE", "XC_GGA_C_PBE"],
        "smearing_width" : 0.00025,
        "num_mag_dims" : 0,
        "gk_cutoff" : 5,
        "pw_cutoff" : 20.00,
        "use_symmetry": false,
        "ngridk" : [1, 1, 1],
        "num_dft_iter": 10,
        "potential_tol": 1e-8,
        "energy_tol": 1e-8,
        "gamma_point": true
    },
    "unit_cell" : {
        "lattice_vectors" : [ [1.0, 0.0, 0.0],
                              [0.0, 1.0, 0.0],
                              [0.0, 0.0, 1.0]
                            ],
        "lattice_vectors_scale": 10.2625,
        "atom_types" : ["Ge", "Si"],
        "atom_files" : {
            "Ge"  : "Ge.json",
            "Si"  : "Si.json"
        },
        "atoms" : {
            "Ge": [
                [0.000, 0.000, 0.000]
            ],
            "Si": [[0.00000000, 0.50000000, 0.50000000],
                   [0.50000000, 0.00000000, 0.50000000],
                   [0.50000000, 0.50000000, 0.00000000],
                   [0.75000000, 0.75000000, 0.25000000],
                   [0.75000000, 0.25000000, 0.75000000],
                   [0.25000000, 0.75000000, 0.75000000],
                   [0.25000000, 0.25000000, 0.25000000]]
        }
    },
    "mixer" : {
        "beta" : 0.8
    }

}
